centroid_lat,centroid_lon,n_accidentes,gi_score,hot_spot,riesgo_hotspot
19.300759999999997,-99.34206289000001,2,-0.7730023972042208,No significativo,50.0
19.310759999999995,-99.34206289000001,1,-0.7412875395860713,No significativo,50.0
19.31076,-99.33206289,15,-0.7518591587921212,No significativo,50.0
19.32076,-99.33206289,12,-0.7448114126547546,No significativo,50.0
19.330759999999998,-99.33206289,3,-0.7180299773327616,No significativo,50.0
19.32076,-99.32206289000001,9,-0.6884294435558223,No significativo,50.0
19.330759999999998,-99.32206289000001,4,-0.7125931445982218,No significativo,50.0
19.35076,-99.32206289000001,6,-0.7518591587921213,No significativo,50.0
19.330759999999998,-99.31206288999999,17,-0.7337363830103215,No significativo,50.0
19.340759999999996,-99.31206288999999,16,-0.6487858715331354,No significativo,50.0
19.35076,-99.31206288999999,5,-0.5721416322892742,No significativo,50.0
19.36076,-99.31206288999999,1,-0.5253244615196248,No significativo,50.0
19.31076,-99.30206289000002,1,-0.8628611604556444,No significativo,50.0
19.330759999999998,-99.30206289000002,1,-0.7650736827996835,No significativo,50.0
19.340759999999996,-99.30206289,2,-0.5906419658998614,No significativo,50.0
19.35076,-99.30206289,44,-0.519283536259025,No significativo,50.0
19.36076,-99.30206289000002,24,-0.45849672582423845,No significativo,50.0
19.370759999999994,-99.30206289,3,-0.4206150903358932,No significativo,50.0
19.310759999999995,-99.29206289000003,1,-0.8628611604556444,No significativo,50.0
19.32076,-99.29206289000001,4,-0.8152888740284201,No significativo,50.0
19.330759999999998,-99.29206289000003,6,-0.7650736827996835,No significativo,50.0
19.35076,-99.29206289000001,26,-0.3597481918768186,No significativo,50.0
19.36076,-99.29206289000003,41,-0.28670791372592874,No significativo,50.0
19.370759999999997,-99.29206289000001,23,-0.33839138539995023,No significativo,50.0
19.32076,-99.28206288999999,1,-0.703229710444292,No significativo,50.0
19.330759999999998,-99.28206289,9,-0.7119219306803773,No significativo,50.0
19.340759999999996,-99.28206288999999,11,-0.6292283760019433,No significativo,50.0
19.35076,-99.28206288999999,24,-0.3141941236616583,No significativo,50.0
19.36076,-99.28206289,73,-0.25787622498215645,No significativo,50.0
19.370759999999994,-99.28206288999999,31,-0.17253442630059052,No significativo,50.0
19.38076,-99.28206289,5,-0.389403643156127,No significativo,50.0
19.300759999999997,-99.27206289000002,5,-0.646142966731623,No significativo,50.0
19.310759999999995,-99.27206289000002,2,-0.6276426331210357,No significativo,50.0
19.32076,-99.27206289000002,9,-0.6546002620964628,No significativo,50.0
19.330759999999998,-99.27206289000002,30,-0.641914319049203,No significativo,50.0
19.340759999999996,-99.27206289000002,1,-0.6524859382552528,No significativo,50.0
19.35076,-99.27206289000002,8,-0.3962683309522634,No significativo,50.0
19.36076,-99.27206289000002,58,-0.25403199981632024,No significativo,50.0
19.370759999999997,-99.27206289000002,13,-0.263642562730911,No significativo,50.0
19.38076,-99.27206289000002,12,-0.2538184317515516,No significativo,50.0
19.300759999999997,-99.26206289,10,-0.5615700130832243,No significativo,50.0
19.310759999999995,-99.26206289000001,31,-0.5298551554650748,No significativo,50.0
19.32076,-99.26206289,20,-0.4840448055721923,No significativo,50.0
19.330759999999998,-99.26206289000001,9,-0.584635364078242,No significativo,50.0
19.340759999999996,-99.26206289,12,-0.6056184264417653,No significativo,50.0
19.35076,-99.26206289,4,-0.4470441383510179,No significativo,50.0
19.36076,-99.26206289000001,32,-0.33251826361881137,No significativo,50.0
19.370759999999997,-99.26206289,64,-0.3273679875953511,No significativo,50.0
19.38076,-99.26206289000001,12,-0.3059290395551103,No significativo,50.0
19.390759999999997,-99.26206289,25,-0.18363462646694295,No significativo,50.0
19.200760000000002,-99.25206289000002,1,,No significativo,50.0
19.30076,-99.25206289,23,-0.46290156716009256,No significativo,50.0
19.31076,-99.25206289000002,25,-0.42125579453019935,No significativo,50.0
19.32076,-99.25206289,25,-0.35366150203091107,No significativo,50.0
19.330759999999998,-99.25206289000002,20,-0.4327884700277082,No significativo,50.0
19.340759999999996,-99.25206289,18,-0.6000122647415874,No significativo,50.0
19.35076,-99.25206289,13,-0.5654142382490606,No significativo,50.0
19.36076,-99.25206289000002,17,-0.33091650313304627,No significativo,50.0
19.370759999999994,-99.25206289,10,-0.30400692697219217,No significativo,50.0
19.38076,-99.25206289000002,55,-0.26380273877948757,No significativo,50.0
19.390759999999997,-99.25206289,37,-0.29140641115083993,No significativo,50.0
19.40076,-99.25206289000002,4,-0.30483068950772846,No significativo,50.0
19.240759999999998,-99.24206289000001,3,-0.8533467031701996,No significativo,50.0
19.25076,-99.24206289,2,-0.8195175217108401,No significativo,50.0
19.260759999999998,-99.24206289,2,-0.7687737495218009,No significativo,50.0
19.27076,-99.24206289000001,10,-0.6763475930346224,No significativo,50.0
19.28076,-99.24206289,6,-0.4532109162212136,No significativo,50.0
19.29076,-99.24206289000001,9,-0.4863940542846478,No significativo,50.0
19.300759999999997,-99.24206289,16,-0.46354227135439857,No significativo,50.0
19.310759999999995,-99.24206289000001,25,-0.27901946339425615,No significativo,50.0
19.32076,-99.24206289,52,-0.23384981769567978,No significativo,50.0
19.330759999999998,-99.24206289000001,11,-0.3966527534688471,No significativo,50.0
19.340759999999996,-99.24206289,21,-0.5034261074499503,No significativo,50.0
19.35076,-99.24206289,6,-0.5404267746711248,No significativo,50.0
19.36076,-99.24206289000001,18,-0.4558538210227261,No significativo,50.0
19.370759999999997,-99.24206289,19,-0.22815740735396034,No significativo,50.0
19.38076,-99.24206289000001,44,-0.25210988723340216,No significativo,50.0
19.390759999999997,-99.24206289,62,-0.28142210412290386,No significativo,50.0
19.400760000000002,-99.24206289000001,11,-0.3844953913818897,No significativo,50.0
19.41076,-99.24206289,3,-0.4528333583924261,No significativo,50.0
19.230759999999997,-99.23206289000001,2,-0.8618039985350394,No significativo,50.0
19.240759999999998,-99.23206289,2,-0.8575753508526195,No significativo,50.0
19.27076,-99.23206289,14,-0.4863940542846478,No significativo,50.0
19.28076,-99.23206289000001,31,-0.32899439055012814,No significativo,50.0
19.29076,-99.23206289,34,-0.2884698502602705,No significativo,50.0
19.300759999999997,-99.23206289000001,22,-0.20918270621489687,No significativo,50.0
19.310759999999995,-99.23206289,44,-0.04259961569532359,No significativo,50.0
19.32076,-99.23206289000001,51,-0.1651342928563557,No significativo,50.0
19.330759999999998,-99.23206289,14,-0.13870524484123123,No significativo,50.0
19.340759999999996,-99.23206289000001,17,-0.485806742106534,No significativo,50.0
19.35076,-99.23206289000001,23,-0.41532928073286834,No significativo,50.0
19.36076,-99.23206289,23,-0.38473565545475447,No significativo,50.0
19.370759999999997,-99.23206289000001,26,-0.3355000023692356,No significativo,50.0
19.38076,-99.23206289,45,-0.2924742514746833,No significativo,50.0
19.390759999999997,-99.23206289000001,9,-0.2831840406572455,No significativo,50.0
19.400760000000002,-99.23206289,23,-0.27325312564550164,No significativo,50.0
19.41076,-99.23206289000001,46,-0.39007485707397155,No significativo,50.0
19.420759999999998,-99.23206289,18,-0.26321542660137354,No significativo,50.0
19.440759999999997,-99.23206289000001,1,-0.17746784859674716,No significativo,50.0
19.22076,-99.22206289,1,-0.8522895412495944,No significativo,50.0
19.23076,-99.22206289,1,-0.8505276047152529,No significativo,50.0
19.270759999999996,-99.22206289,11,-0.3325182636188112,No significativo,50.0
19.28076,-99.22206289,49,-0.30785115213802855,No significativo,50.0
19.29076,-99.22206289,74,-0.06258958655767245,No significativo,50.0
19.30076,-99.22206289,13,-0.00046099368519470803,No significativo,50.0
19.31076,-99.22206289,83,-0.061820741524505146,No significativo,50.0
19.32076,-99.22206289,70,-0.05250588823805565,No significativo,50.0
19.330759999999998,-99.22206289,3,-0.03510337662194289,No significativo,50.0
19.340759999999996,-99.22206289,18,-0.1140381333604483,No significativo,50.0
19.35076,-99.22206289,25,-0.2990414694663203,No significativo,50.0
19.36076,-99.22206289,47,-0.3141941236616583,No significativo,50.0
19.370759999999994,-99.22206289,24,-0.21975432542094664,No significativo,50.0
19.38076,-99.22206289,17,-0.2924742514746833,No significativo,50.0
19.390759999999997,-99.22206289,17,-0.09994264108571528,No significativo,50.0
19.40076,-99.22206289,37,-0.3097732647209466,No significativo,50.0
19.410759999999996,-99.22206289,43,-0.22680207155831314,No significativo,50.0
19.420759999999998,-99.22206289,35,0.0917560538506551,No significativo,51.363498279241455
19.43076,-99.22206289,33,0.47679791782211445,No significativo,57.08523430567867
19.440759999999997,-99.22206289,24,0.3616847309117937,No significativo,55.37464818429109
19.450760000000002,-99.22206289,30,-0.1840121842957304,No significativo,50.0
19.47076,-99.22206289,2,-0.5736518636044241,No significativo,50.0
19.480759999999997,-99.22206289,11,-0.47699705943482557,No significativo,50.0
19.490759999999998,-99.22206289,4,-0.6249997283195232,No significativo,50.0
19.22076,-99.21206289,5,-0.82435026191932,No significativo,50.0
19.27076,-99.21206289,19,-0.4464568261729041,No significativo,50.0
19.28076,-99.21206289000001,37,-0.2676789991550392,No significativo,50.0
19.29076,-99.21206289,35,-0.21623045235226324,No significativo,50.0
19.300759999999997,-99.21206289000001,18,-0.04356067198678279,No significativo,50.0
19.310759999999995,-99.21206289,36,-0.15456267365030593,No significativo,50.0
19.32076,-99.21206289000001,22,0.047739675701829416,No significativo,50.70941330777953
19.330759999999998,-99.21206289,103,-0.08873031768535929,No significativo,50.0
19.340759999999996,-99.21206289000001,28,0.016985874375139043,No significativo,50.252410707631455
19.35076,-99.21206289000001,38,-0.02337848986614218,No significativo,50.0
19.36076,-99.21206289,12,0.16082396599684723,No significativo,52.389849952073995
19.370759999999997,-99.21206289000001,42,-0.043560671986782935,No significativo,50.0
19.38076,-99.21206289,30,0.1661097755998719,No significativo,52.46839727397444
19.390759999999997,-99.21206289000001,22,0.06311657636517459,No significativo,50.93791460785356
19.400760000000002,-99.21206289,57,0.16787171213421373,No significativo,52.49457971460793
19.41076,-99.21206289000001,1,0.23034037107905367,No significativo,53.4228662461587
19.420759999999998,-99.21206289,69,0.3703588800039376,No significativo,55.50354635356363
19.43076,-99.21206289000001,163,0.5244235962655306,No significativo,57.79295361007463
19.440759999999997,-99.21206289000001,99,0.6474388015722924,No significativo,59.620964010666924
19.45076,-99.21206289,65,0.36104402671748775,No significativo,55.365127296788
19.46076,-99.21206289000001,16,-0.24911993432664054,No significativo,50.0
19.47076,-99.21206289,8,-0.32707227796721006,No significativo,50.0
19.480759999999997,-99.21206289000001,37,-0.4706540879111958,No significativo,50.0
19.490759999999998,-99.21206289,18,-0.2694089004796654,No significativo,50.0
19.50076,-99.21206289000001,6,-0.4045059563076268,No significativo,50.0
19.510759999999998,-99.21206289000001,17,-0.3628235720094875,No significativo,50.0
19.21076,-99.20206289000001,1,-0.8152888740284201,No significativo,50.0
19.22076,-99.20206289,13,-0.8122684113981202,No significativo,50.0
19.230759999999997,-99.20206289000001,3,-0.8122684113981202,No significativo,50.0
19.27076,-99.20206289,12,-0.6008360272771236,No significativo,50.0
19.28076,-99.20206289000001,13,-0.3881954581040072,No significativo,50.0
19.300759999999997,-99.20206289000001,59,-0.3607092481682775,No significativo,50.0
19.310759999999995,-99.20206289,28,-0.33839138539995034,No significativo,50.0
19.32076,-99.20206289000001,12,-0.057976516358668774,No significativo,50.0
19.330759999999998,-99.20206289,57,0.16904633649044154,No significativo,52.51203467503025
19.340759999999996,-99.20206289000001,86,0.30530276181286164,No significativo,54.53681008401963
19.35076,-99.20206289000001,80,0.5340341591801212,No significativo,57.93576692262091
19.36076,-99.20206289,57,0.7049099678015451,No significativo,60.474987619693636
19.370759999999997,-99.20206289000001,76,0.7387391492609041,No significativo,60.977690479856506
19.38076,-99.20206289,95,0.7450821207845346,No significativo,61.07194726613706
19.390759999999997,-99.20206289000001,92,0.6839589406477371,No significativo,60.16365459834276
19.400760000000002,-99.20206289,83,0.5209637936162779,No significativo,57.741540817557976
19.41076,-99.20206289000001,33,0.6166850002456017,No significativo,59.16396141051885
19.420759999999998,-99.20206289,21,0.8953913247687335,No significativo,63.30554747436075
19.43076,-99.20206289000001,144,0.9219805488324345,No significativo,63.70066430573877
19.440759999999997,-99.20206289000001,87,0.9876527287488052,No significativo,64.67655527480497
19.45076,-99.20206289,90,0.591697536667666,No significativo,58.79264679789854
19.46076,-99.20206289000001,15,0.0727271392797653,No significativo,51.08072792039983
19.47076,-99.20206289,14,0.08810403994311064,No significativo,51.30922922047387
19.480759999999997,-99.20206289000001,60,-0.08296397993660481,No significativo,50.0
19.490759999999998,-99.20206289,33,-0.0445217282782417,No significativo,50.0
19.50076,-99.20206289000001,65,-0.2867079137259288,No significativo,50.0
19.510759999999998,-99.20206289000001,21,-0.37430133000462734,No significativo,50.0
19.11076,-99.19206289,1,-0.8787185892647191,No significativo,50.0
19.21076,-99.19206289,1,-0.8188127470971035,No significativo,50.0
19.22076,-99.19206289,1,-0.8082411278910536,No significativo,50.0
19.23076,-99.19206289,5,-0.8032070235072203,No significativo,50.0
19.260759999999998,-99.19206289,1,-0.7448114126547546,No significativo,50.0
19.270759999999996,-99.19206289,3,-0.6101994614310535,No significativo,50.0
19.28076,-99.19206289,14,-0.47229856200991466,No significativo,50.0
19.29076,-99.19206289,1,-0.2424993243188113,No significativo,50.0
19.30076,-99.19206289,49,-0.2719076468374591,No significativo,50.0
19.31076,-99.19206289,3,-0.3826656880577657,No significativo,50.0
19.32076,-99.19206289,12,-0.28670791372592874,No significativo,50.0
19.330759999999998,-99.19206289,9,-0.020655497040341572,No significativo,50.0
19.340759999999996,-99.19206289,126,0.3475892386370608,No significativo,55.165188659223226
19.35076,-99.19206289,70,1.0093726009357806,No significativo,64.99931336115955
19.36076,-99.19206289,148,0.9977438198091253,No significativo,64.82650925297855
19.370759999999994,-99.19206289,141,1.2038903943270969,No significativo,67.8898548070961
19.38076,-99.19206289,133,1.3250574144579765,No significativo,69.69040110912181
19.390759999999997,-99.19206289,90,1.732471354629588,No significativo,75.74458699714108
19.40076,-99.19206289,129,1.5982931108604945,No significativo,73.7506934412066
19.410759999999996,-99.19206289,144,1.4089798069244637,No significativo,70.93749089683355
19.420759999999998,-99.19206289,65,1.466554471523566,No significativo,71.79305249538
19.43076,-99.19206289,124,1.080554836923182,No significativo,66.05708396275227
19.440759999999997,-99.19206289,106,1.0770309638544988,No significativo,66.00471908148529
19.450760000000002,-99.19206289,59,0.5836887342388404,No significativo,58.673635704109984
19.460760000000004,-99.19206289,81,0.5188494697750681,No significativo,57.7101218887978
19.47076,-99.19206289,52,0.43866780410456735,No significativo,56.51861943658483
19.480759999999997,-99.19206289,108,0.2860816359836801,No significativo,54.25118345892708
19.490759999999998,-99.19206289,69,0.10200239246574967,No significativo,51.51575924169463
19.500759999999996,-99.19206289,14,-0.07527552960493222,No significativo,50.0
19.510759999999998,-99.19206289,18,-0.2504623621623295,No significativo,50.0
19.120759999999997,-99.18206289,1,-0.7994314452193454,No significativo,50.0
19.13076,-99.18206288999998,3,-0.7730023972042208,No significativo,50.0
19.21076,-99.18206289,2,-0.8364321124405197,No significativo,50.0
19.230759999999997,-99.18206289,8,-0.7971660982466204,No significativo,50.0
19.240759999999998,-99.18206288999998,1,-0.723668174242655,No significativo,50.0
19.25076,-99.18206289,6,-0.6567145859376727,No significativo,50.0
19.260759999999998,-99.18206289,8,-0.6179519821821567,No significativo,50.0
19.27076,-99.18206288999998,14,-0.4576157575570678,No significativo,50.0
19.28076,-99.18206289,14,-0.29305088524955863,No significativo,50.0
19.29076,-99.18206288999998,62,-0.20918270621489687,No significativo,50.0
19.300759999999997,-99.18206289,55,-0.2571073799489893,No significativo,50.0
19.310759999999995,-99.18206288999998,14,-0.2943963640576015,No significativo,50.0
19.32076,-99.18206289,2,-0.5235121839414449,No significativo,50.0
19.330759999999998,-99.18206288999998,7,-0.16407713093575077,No significativo,50.0
19.340759999999996,-99.18206289,44,0.11924226378638451,No significativo,51.77194435312379
19.35076,-99.18206289,99,0.8655985797335027,No significativo,62.862826205467314
19.36076,-99.18206288999998,52,1.0145623049096593,No significativo,65.07643254993454
19.370759999999997,-99.18206289,105,1.395140596327453,No significativo,70.73183972676692
19.38076,-99.18206288999998,118,1.3432435565886631,No significativo,69.96064783901706
19.390759999999997,-99.18206289,140,1.7578432407241074,No significativo,76.12161414226324
19.400760000000002,-99.18206288999998,221,2.0102166228612615,Hot Spot (95%),79.87189172972836
19.41076,-99.18206289,194,2.1976225996957806,Hot Spot (95%),82.65675132438066
19.420759999999998,-99.18206288999998,112,2.386149808870335,Hot Spot (95%),85.45827247216336
19.43076,-99.18206289,99,1.8910456427203355,No significativo,78.10100665415457
19.440759999999997,-99.18206289,85,1.3603503585766343,No significativo,70.21485553534941
19.45076,-99.18206288999998,76,0.9713147717940012,No significativo,64.43377264347632
19.46076,-99.18206289,94,0.6076510711058867,No significativo,59.029716896725354
19.47076,-99.18206288999998,82,0.6013080995822565,No significativo,58.935460110444815
19.480759999999997,-99.18206289,70,0.5590216227580572,No significativo,58.30708153524122
19.490759999999998,-99.18206288999998,34,0.03925034512727403,No significativo,50.583261548363645
19.50076,-99.18206289,26,-0.30080340600066197,No significativo,50.0
19.510759999999998,-99.18206289,2,-0.4954973930454129,No significativo,50.0
19.13076,-99.17206289,14,-0.7941456356163205,No significativo,50.0
19.14076,-99.17206288999999,6,-0.7941456356163205,No significativo,50.0
19.230759999999997,-99.17206288999999,3,-0.7760228598345207,No significativo,50.0
19.240759999999998,-99.17206289,14,-0.6884294435558223,No significativo,50.0
19.25076,-99.17206288999999,25,-0.6057786024903417,No significativo,50.0
19.260759999999998,-99.17206288999999,23,-0.5277408316238649,No significativo,50.0
19.27076,-99.17206289,39,-0.34661375589354454,No significativo,50.0
19.28076,-99.17206288999999,48,-0.15600425808749466,No significativo,50.0
19.29076,-99.17206289,37,-0.02417937010902497,No significativo,50.0
19.300759999999997,-99.17206288999999,31,0.06119446378225634,No significativo,50.909351945344305
19.310759999999995,-99.17206289,38,-0.2175118607408754,No significativo,50.0
19.32076,-99.17206288999999,11,-0.2674867878967474,No significativo,50.0
19.330759999999998,-99.17206289,38,-0.2592217037901992,No significativo,50.0
19.340759999999996,-99.17206288999999,63,0.011219536626384561,No significativo,50.16672272010369
19.35076,-99.17206288999999,24,0.2783931856520073,No significativo,54.13693280889006
19.36076,-99.17206289,104,0.7589213313815452,No significativo,61.27759843620369
19.370759999999997,-99.17206288999999,83,0.8849798816112603,No significativo,63.15083305243562
19.38076,-99.17206289,71,1.3663089075836807,No significativo,70.30339978912811
19.390759999999997,-99.17206288999999,95,1.648859457272649,No significativo,74.50211117798851
19.400760000000002,-99.17206289,155,2.3081440732135743,Hot Spot (95%),84.29910441866281
19.41076,-99.17206288999999,131,2.8251923580185565,Hot Spot (99%),91.98246063365225
19.420759999999998,-99.17206289,215,2.631058987143823,Hot Spot (99%),89.09763172021755
19.43076,-99.17206288999999,224,2.460151143312684,Hot Spot (95%),86.55793497876967
19.440759999999997,-99.17206288999999,152,2.2351037950626846,Hot Spot (95%),83.21372324331114
19.45076,-99.17206289,32,1.3554169362804778,No significativo,70.14154470157567
19.46076,-99.17206288999999,56,0.8319616095324346,No significativo,62.36297961155535
19.47076,-99.17206289,111,0.42159057307940956,No significativo,56.26485116582952
19.480759999999997,-99.17206288999999,21,0.23995093399364453,No significativo,53.56567955870497
19.490759999999998,-99.17206289,49,0.007535487509124455,No significativo,50.11197761696095
19.50076,-99.17206288999999,35,-0.23481087398713885,No significativo,50.0
19.510759999999998,-99.17206288999999,8,-0.27709735081133813,No significativo,50.0
19.52076,-99.17206289,16,-0.41356734419852675,No significativo,50.0
19.530759999999997,-99.17206288999999,8,-0.41356734419852664,No significativo,50.0
19.14076,-99.16206288999999,1,-0.7835740164102707,No significativo,50.0
19.15076,-99.16206289,1,-0.8522895412495944,No significativo,50.0
19.170759999999998,-99.16206289,1,-0.82586049323447,No significativo,50.0
19.18076,-99.16206288999999,3,-0.82586049323447,No significativo,50.0
19.190759999999997,-99.16206288999999,9,-0.766961471943621,No significativo,50.0
19.200760000000002,-99.16206289,18,-0.7095726819679219,No significativo,50.0
19.23076,-99.16206288999999,8,-0.7706531484917654,No significativo,50.0
19.240759999999998,-99.16206289,5,-0.7057284568020855,No significativo,50.0
19.25076,-99.16206288999999,7,-0.6101994614310535,No significativo,50.0
19.260759999999998,-99.16206288999999,21,-0.5545222669458578,No significativo,50.0
19.270759999999996,-99.16206289,19,-0.38185248658037724,No significativo,50.0
19.28076,-99.16206288999999,63,0.03812911278723871,No significativo,50.566599995233254
19.29076,-99.16206289,53,0.21111924524987197,No significativo,53.13723962106615
19.30076,-99.16206288999999,56,0.2894453330037868,No significativo,54.30116811831827
19.31076,-99.16206289,38,-0.07351359307059081,No significativo,50.0
19.32076,-99.16206288999999,70,-0.011845814368633365,No significativo,50.0
19.330759999999998,-99.16206289,36,-0.02337848986614218,No significativo,50.0
19.340759999999996,-99.16206288999999,23,0.3956420532100148,No significativo,55.87925522195459
19.35076,-99.16206288999999,35,0.39371994062709653,No significativo,55.850692559445335
19.36076,-99.16206289,52,0.653205139321047,No significativo,59.70665199819469
19.370759999999994,-99.16206288999999,90,1.028017092990086,No significativo,65.27637118749931
19.38076,-99.16206289,139,1.1439845521594811,No significativo,66.99965182555766
19.390759999999997,-99.16206288999999,101,1.6277162188605492,No significativo,74.18792189038672
19.40076,-99.16206289,103,2.199384536230122,Hot Spot (95%),82.68293376501414
19.410759999999996,-99.16206288999999,185,2.4388477288520085,Hot Spot (95%),86.2413654692921
19.420759999999998,-99.16206289,251,2.8213481328527195,Hot Spot (99%),91.92533530863373
19.43076,-99.16206288999999,221,3.364729360043682,Hot Spot (99%),100.0
19.440759999999997,-99.16206288999999,152,2.9904940401495175,Hot Spot (99%),94.43884960944814
19.450760000000002,-99.16206289,140,1.4816356625587699,No significativo,72.01715953968338
19.460760000000004,-99.16206288999999,99,1.1375775102164207,No significativo,66.90444295052681
19.47076,-99.16206289,67,0.6365468302690891,No significativo,59.45910892311448
19.480759999999997,-99.16206288999999,17,0.405733144270335,No significativo,56.02920920012817
19.490759999999998,-99.16206289,23,0.0674413296767402,No significativo,51.00218059849938
19.500759999999996,-99.16206288999999,52,-0.09449665543411392,No significativo,50.0
19.510759999999998,-99.16206288999999,27,-0.11932394296347325,No significativo,50.0
19.52076,-99.16206289,61,-0.3266451418376726,No significativo,50.0
19.530759999999997,-99.16206288999999,27,-0.3172481469878506,No significativo,50.0
19.19076,-99.15206289,1,-0.733358825181534,No significativo,50.0
19.200760000000002,-99.15206289,9,-0.7518591587921213,No significativo,50.0
19.21076,-99.15206289,8,-0.7706531484917654,No significativo,50.0
19.22076,-99.15206289,2,-0.7809311116087583,No significativo,50.0
19.230759999999997,-99.15206289,2,-0.8114446488625839,No significativo,50.0
19.240759999999998,-99.15206289,11,-0.7988441330412315,No significativo,50.0
19.25076,-99.15206289,4,-0.6937152531588472,No significativo,50.0
19.27076,-99.15206289,4,-0.2528787322665694,No significativo,50.0
19.28076,-99.15206289,7,-0.06822778346756571,No significativo,50.0
19.29076,-99.15206289,115,0.11501361610396464,No significativo,51.70910649560343
19.300759999999997,-99.15206289,68,0.09210844115752327,No significativo,51.368734767368146
19.310759999999995,-99.15206289,42,0.3187575498932886,No significativo,54.736748721584405
19.32076,-99.15206289,12,0.1872530140119717,No significativo,52.782586561576245
19.330759999999998,-99.15206289,64,0.6351372810416162,No significativo,59.43816297060769
19.340759999999996,-99.15206289,94,0.4638770499036089,No significativo,56.89322974103312
19.35076,-99.15206289,34,0.6541661956125058,No significativo,59.72093332944931
19.36076,-99.15206289,115,0.8857807618541432,No significativo,63.162734161814484
19.370759999999997,-99.15206289,80,1.1672963278446173,No significativo,67.34606565547762
19.38076,-99.15206289,128,1.4201280599053892,No significativo,71.10315433938723
19.390759999999997,-99.15206289,100,1.4452756995319012,No significativo,71.47684917388331
19.400760000000002,-99.15206289,131,1.9275657817957808,No significativo,78.64369724183041
19.41076,-99.15206289,147,2.6733454639680225,Hot Spot (99%),89.72601029542115
19.420759999999998,-99.15206289,138,3.2424509645603714,Hot Spot (99%),98.18293862003625
19.43076,-99.15206289,233,3.338544272471774,Hot Spot (99%),99.61088865150855
19.440759999999997,-99.15206289,235,2.7332513061356387,Hot Spot (99%),90.6162132769596
19.45076,-99.15206289,107,2.498913747068201,Hot Spot (95%),87.13394867270631
19.46076,-99.15206289,123,1.49813379556215,No significativo,72.2623223928878
19.47076,-99.15206289,70,1.226795569273538,No significativo,68.23022653533138
19.480759999999997,-99.15206289,63,0.6576900686811892,No significativo,59.773298210716284
19.490759999999998,-99.15206289,87,0.2594924119199789,No significativo,53.85606662754906
19.50076,-99.15206289,74,0.08506069502015647,No significativo,51.26400500483421
19.510759999999998,-99.15206289,40,-0.03786826164506347,No significativo,50.0
19.52076,-99.15206289,39,-0.08937102187966538,No significativo,50.0
19.530759999999997,-99.15206289,18,-0.28286368856009253,No significativo,50.0
19.54076,-99.15206289,26,-0.4791113832760357,No significativo,50.0
19.55076,-99.15206289,9,-0.5011607604772254,No significativo,50.0
19.56076,-99.15206289,2,-0.579692788865024,No significativo,50.0
19.190759999999997,-99.14206289,3,-0.7765262702729041,No significativo,50.0
19.200760000000002,-99.14206288999999,12,-0.8082411278910536,No significativo,50.0
19.22076,-99.14206288999999,2,-0.82586049323447,No significativo,50.0
19.23076,-99.14206289,3,-0.820574683631445,No significativo,50.0
19.240759999999998,-99.14206288999999,1,-0.831146302837495,No significativo,50.0
19.270759999999996,-99.14206288999999,5,-0.4690683450302883,No significativo,50.0
19.28076,-99.14206289,47,-0.10987355609745895,No significativo,50.0
19.29076,-99.14206288999999,15,0.09771460285770134,No significativo,51.45204253302014
19.30076,-99.14206289,64,0.23130142737051274,No significativo,53.43714757741333
19.31076,-99.14206288999999,50,0.09034650462318157,No significativo,51.34255232673466
19.32076,-99.14206289,76,0.5290687016742495,No significativo,57.861980044472
19.330759999999998,-99.14206288999999,85,0.6801147154819008,No significativo,60.10652927332425
19.340759999999996,-99.14206289,193,0.6551272519039645,No significativo,59.73521466070393
19.35076,-99.14206289,39,1.0107180797438229,No significativo,65.01930722491602
19.36076,-99.14206288999999,161,0.8300394969495168,No significativo,62.3344169490461
19.370759999999994,-99.14206289,106,1.1683313115431115,No significativo,67.3614455506749
19.38076,-99.14206288999999,156,1.2320813788765628,No significativo,68.30877385723183
19.390759999999997,-99.14206289,107,1.6546257950214036,No significativo,74.58779916551629
19.40076,-99.14206288999999,129,2.0214289462616164,Hot Spot (95%),80.03850726103234
19.410759999999996,-99.14206289,180,2.4734457553445357,Hot Spot (95%),86.7554933944587
19.420759999999998,-99.14206288999999,246,3.0274947073706917,Hot Spot (99%),94.9886808627513
19.43076,-99.14206289,196,3.349929093155212,Hot Spot (99%),99.78006749867873
19.440759999999997,-99.14206289,277,2.900154748752365,Hot Spot (99%),93.09640447151318
19.450760000000002,-99.14206288999999,114,2.4330813911032534,Hot Spot (95%),86.15567748176433
19.460760000000004,-99.14206289,238,1.691145934096848,No significativo,75.13048975319211
19.47076,-99.14206288999999,164,1.49813379556215,No significativo,72.2623223928878
19.480759999999997,-99.14206289,82,0.9607431525879507,No significativo,64.2766779996754
19.490759999999998,-99.14206288999999,72,0.793359181825495,No significativo,61.78934613949449
19.500759999999996,-99.14206289,7,0.2803152982349256,No significativo,54.16549547139932
19.510759999999998,-99.14206289,41,-0.027703243177708076,No significativo,50.0
19.52076,-99.14206288999999,50,-0.3270722779672099,No significativo,50.0
19.530759999999997,-99.14206289,26,-0.35013762896222783,No significativo,50.0
19.54076,-99.14206288999999,24,-0.4893306151752172,No significativo,50.0
19.550759999999997,-99.14206289,24,-0.49814029784692526,No significativo,50.0
19.560759999999995,-99.14206288999999,16,-0.5869418991777439,No significativo,50.0
19.57076,-99.14206289,1,-0.7130965550366052,No significativo,50.0
19.200760000000002,-99.13206289,1,-0.801193381753687,No significativo,50.0
19.21076,-99.13206289,1,-0.820574683631445,No significativo,50.0
19.230759999999997,-99.13206289,1,-0.8491180554877795,No significativo,50.0
19.260759999999998,-99.13206289,5,-0.3833627178955271,No significativo,50.0
19.27076,-99.13206289,21,-0.31842277134407826,No significativo,50.0
19.28076,-99.13206289,28,-0.24265950036738793,No significativo,50.0
19.29076,-99.13206289,42,0.14320460065343066,No significativo,52.12802554573916
19.300759999999997,-99.13206289,24,0.06920326621108175,No significativo,51.02836303913286
19.310759999999995,-99.13206289,43,0.12462417901855534,No significativo,51.8519198081497
19.32076,-99.13206289,39,0.19958656975236316,No significativo,52.965863646010625
19.330759999999998,-99.13206289,73,0.6541661956125058,No significativo,59.72093332944931
19.340759999999996,-99.13206289,96,0.5061635267278083,No significativo,57.52160831623672
19.35076,-99.13206289,32,0.5907364803762066,No significativo,58.77836546664391
19.36076,-99.13206289,89,0.6685820399843916,No significativo,59.935153298268716
19.370759999999997,-99.13206289,27,0.8355101250701304,No significativo,62.415710680803215
19.38076,-99.13206289,85,0.9030797751004062,No significativo,63.41979812439777
19.390759999999997,-99.13206289,62,0.9677908987253172,No significativo,64.38140776220934
19.400760000000002,-99.13206289,150,1.6027287552826135,No significativo,73.81660727776641
19.41076,-99.13206289,154,2.3068626648249624,Hot Spot (95%),84.28006264365663
19.420759999999998,-99.13206289,188,2.377340126198627,Hot Spot (95%),85.32736026899596
19.43076,-99.13206289,179,2.7205111496565535,Hot Spot (99%),90.42689409084056
19.440759999999997,-99.13206289,97,2.410816920351119,Hot Spot (95%),85.82482664103215
19.45076,-99.13206289,141,2.2645761880007624,Hot Spot (95%),83.65168406845302
19.46076,-99.13206289,120,1.878712086979944,No significativo,77.9177295697202
19.47076,-99.13206289,90,1.6619938932559224,No significativo,74.69728937180174
19.480759999999997,-99.13206289,95,1.2320813788765628,No significativo,68.30877385723183
19.490759999999998,-99.13206289,71,0.7264055935205128,No significativo,60.794413395422126
19.50076,-99.13206289,62,0.22601561776748777,No significativo,53.358600255512876
19.510759999999998,-99.13206289,26,-0.13165749870386487,No significativo,50.0
19.52076,-99.13206289,31,-0.33091650313304627,No significativo,50.0
19.530759999999997,-99.13206289,2,-0.5087119170529751,No significativo,50.0
19.54076,-99.13206289,4,-0.5058287481785979,No significativo,50.0
19.55076,-99.13206289,31,-0.596168039575751,No significativo,50.0
19.56076,-99.13206289,28,-0.6557535296462137,No significativo,50.0
19.57076,-99.13206289,5,-0.6567145859376727,No significativo,50.0
19.58076,-99.13206289,1,-0.8522895412495944,No significativo,50.0
19.200760000000002,-99.12206289,2,-0.8223366201657868,No significativo,50.0
19.22076,-99.12206289,3,-0.8406607601229398,No significativo,50.0
19.230759999999997,-99.12206288999998,7,-0.8047172548223703,No significativo,50.0
19.240759999999998,-99.12206289,2,-0.7518591587921213,No significativo,50.0
19.25076,-99.12206288999998,14,-0.35953462381204987,No significativo,50.0
19.260759999999998,-99.12206288999998,14,-0.36916654353311745,No significativo,50.0
19.27076,-99.12206289,46,-0.29158712259025943,No significativo,50.0
19.28076,-99.12206288999998,63,0.032554986296776126,No significativo,50.483768273956414
19.29076,-99.12206289,59,0.0011654092695820538,No significativo,50.01731802390144
19.300759999999997,-99.12206288999998,71,0.06888291411392908,No significativo,51.02360259538133
19.310759999999995,-99.12206289,44,-0.01713162397165817,No significativo,50.0
19.32076,-99.12206288999998,38,0.03044066245556597,No significativo,50.45234934519623
19.330759999999998,-99.12206289,40,0.2015086823352814,No significativo,52.994426308519884
19.340759999999996,-99.12206288999998,31,0.09579249027478323,No significativo,51.42347987051089
19.35076,-99.12206288999998,25,0.299536424064107,No significativo,54.45112209649186
19.36076,-99.12206289,61,0.48325835178136706,No significativo,57.18123658800144
19.370759999999997,-99.12206288999998,76,0.3704944135835022,No significativo,55.50556038745851
19.38076,-99.12206289,69,0.5202590190025412,No significativo,57.731067841304586
19.390759999999997,-99.12206288999998,33,0.6147628876626839,No significativo,59.1353987480096
19.400760000000002,-99.12206289,96,1.1915568385867052,No significativo,67.7065777226617
19.41076,-99.12206288999998,72,1.7103670599260297,No significativo,75.41611637828466
19.420759999999998,-99.12206289,162,2.06669716183624,Hot Spot (95%),80.71119458192337
19.43076,-99.12206288999998,98,1.6461364644468477,No significativo,74.4616474061004
19.440759999999997,-99.12206288999998,159,1.6450152321068126,No significativo,74.44498585297
19.45076,-99.12206289,118,1.5478746192624109,No significativo,73.00147283230999
19.46076,-99.12206288999998,156,1.5239221393829685,No significativo,72.64553811488696
19.47076,-99.12206289,130,1.42264159174459,No significativo,71.1405055134378
19.480759999999997,-99.12206288999998,97,1.3201782055936453,No significativo,69.617895888906
19.490759999999998,-99.12206289,143,0.6566058000446714,No significativo,59.75718593955722
19.50076,-99.12206288999998,91,0.08329875848581521,No significativo,51.237822564200734
19.510759999999998,-99.12206288999998,14,0.01869441889328841,No significativo,50.27779974097301
19.52076,-99.12206289,1,-0.3237085809471032,No significativo,50.0
19.54076,-99.12206289,3,-0.6910723483573347,No significativo,50.0
19.55076,-99.12206288999998,6,-0.6521838919922227,No significativo,50.0
19.56076,-99.12206289,8,-0.6382142523270856,No significativo,50.0
19.57076,-99.12206288999998,2,-0.7236681742426551,No significativo,50.0
19.22076,-99.11206288999999,1,-0.791502730814808,No significativo,50.0
19.23076,-99.11206289,2,-0.7826129601188117,No significativo,50.0
19.240759999999998,-99.11206288999999,15,-0.5580461400145411,No significativo,50.0
19.25076,-99.11206289,9,-0.41885315380155164,No significativo,50.0
19.260759999999998,-99.11206289,66,-0.358947311633936,No significativo,50.0
19.270759999999996,-99.11206288999999,35,-0.21857970106471883,No significativo,50.0
19.28076,-99.11206289,16,-0.0647039103988823,No significativo,50.0
19.29076,-99.11206288999999,60,0.0656793931423985,No significativo,50.975998157865895
19.30076,-99.11206289,42,-0.0720227236953784,No significativo,50.0
19.31076,-99.11206288999999,50,-0.09641876801703188,No significativo,50.0
19.32076,-99.11206289,28,-0.047626679373724924,No significativo,50.0
19.330759999999998,-99.11206288999999,60,-0.14639369517290382,No significativo,50.0
19.340759999999996,-99.11206289,51,0.0073753114605481914,No significativo,50.10959739508518
19.35076,-99.11206289,58,-0.004798068231266857,No significativo,50.0
19.36076,-99.11206288999999,68,0.27647107306908925,No significativo,54.10837014638081
19.370759999999994,-99.11206289,63,0.35463698477442734,No significativo,55.269918421757154
19.38076,-99.11206288999999,46,0.4392099384228263,No significativo,56.52667557216436
19.390759999999997,-99.11206289,46,0.5343545112772746,No significativo,57.94052736637246
19.40076,-99.11206288999999,73,0.7035004185740716,No significativo,60.45404166718684
19.410759999999996,-99.11206289,117,1.387131793898627,No significativo,70.61282863297836
19.420759999999998,-99.11206288999999,130,1.3747982381582355,No significativo,70.42955154854397
19.43076,-99.11206289,96,1.4797135499758511,No significativo,71.98859687717412
19.440759999999997,-99.11206289,77,1.226795569273538,No significativo,68.23022653533138
19.450760000000002,-99.11206288999999,143,1.268281165854855,No significativo,68.84670400115613
19.460760000000004,-99.11206289,88,1.1792232828463136,No significativo,67.52330063822733
19.47076,-99.11206288999999,90,1.158080044434214,No significativo,67.20911135062553
19.480759999999997,-99.11206289,83,0.8843022137134369,No significativo,63.14076288296121
19.490759999999998,-99.11206288999999,38,0.6858810532306552,No significativo,60.19221726085201
19.500759999999996,-99.11206289,7,0.2149634704157082,No significativo,53.19436494608466
19.200760000000002,-99.10206289,3,-0.8047172548223703,No significativo,50.0
19.22076,-99.10206289,7,-0.8199873714533311,No significativo,50.0
19.230759999999997,-99.10206289000001,5,-0.777700894629132,No significativo,50.0
19.240759999999998,-99.10206289,9,-0.6144281091134735,No significativo,50.0
19.25076,-99.10206289000001,59,-0.4875686786408755,No significativo,50.0
19.260759999999998,-99.10206289000001,39,-0.41356734419852675,No significativo,50.0
19.27076,-99.10206289,2,-0.17159472681560844,No significativo,50.0
19.29076,-99.10206289,44,-0.2592217037901993,No significativo,50.0
19.300759999999997,-99.10206289000001,6,-0.09430444417582172,No significativo,50.0
19.310759999999995,-99.10206289,13,-0.1757059120624056,No significativo,50.0
19.32076,-99.10206289000001,38,-0.22680207155831314,No significativo,50.0
19.330759999999998,-99.10206289,32,-0.16196280709454075,No significativo,50.0
19.340759999999996,-99.10206289000001,14,-0.23096664882130247,No significativo,50.0
19.35076,-99.10206289000001,37,0.03812911278723871,No significativo,50.566599995233254
19.36076,-99.10206289,56,0.2753498407290538,No significativo,54.09170859325041
19.370759999999997,-99.10206289000001,79,0.34758923863706115,No significativo,55.165188659223226
19.38076,-99.10206289,82,0.3193982540875945,No significativo,54.74626960908749
19.390759999999997,-99.10206289000001,52,0.3511131117057442,No significativo,55.217553540490194
19.400760000000002,-99.10206289,93,0.7369772127265625,No significativo,60.95150803922302
19.41076,-99.10206289000001,118,1.4593711918066343,No significativo,71.68630869895117
19.420759999999998,-99.10206289,127,1.3884871296942756,No significativo,70.6329689719272
19.43076,-99.10206289000001,69,1.0241728678242505,No significativo,65.21924586248082
19.440759999999997,-99.10206289000001,54,1.1563181078998723,No significativo,67.18292890999204
19.45076,-99.10206289,64,0.8485213487083452,No significativo,62.60905793471201
19.46076,-99.10206289000001,88,0.973076708328342,No significativo,64.45995508410978
19.47076,-99.10206289,54,0.7818388275624925,No significativo,61.618153258429416
19.480759999999997,-99.10206289000001,162,0.5924984169105483,No significativo,58.804547907277396
19.490759999999998,-99.10206289,54,0.3752380888682682,No significativo,55.576051573779424
19.50076,-99.10206289000001,12,-0.08584714881098213,No significativo,50.0
19.510759999999998,-99.10206289000001,16,-0.368637962572815,No significativo,50.0
19.19076,-99.09206289000001,11,-0.7730023972042209,No significativo,50.0
19.200760000000002,-99.09206289,1,-0.8183093366587201,No significativo,50.0
19.21076,-99.09206289000001,3,-0.8183093366587201,No significativo,50.0
19.22076,-99.09206289,1,-0.83039118717992,No significativo,50.0
19.240759999999998,-99.09206289,5,-0.6651718813025126,No significativo,50.0
19.25076,-99.09206289000001,9,-0.6057786024903417,No significativo,50.0
19.260759999999998,-99.09206289000001,3,-0.4833400309584557,No significativo,50.0
19.300759999999997,-99.09206289000001,52,-0.3374516859149679,No significativo,50.0
19.310759999999995,-99.09206289,6,-0.1367831322583131,No significativo,50.0
19.32076,-99.09206289000001,49,-0.17330327133375795,No significativo,50.0
19.330759999999998,-99.09206289,10,-0.2021349600775302,No significativo,50.0
19.35076,-99.09206289000001,12,-0.04836595344407836,No significativo,50.0
19.36076,-99.09206289,43,0.18549107747763,No significativo,52.75640412094276
19.370759999999997,-99.09206289000001,27,0.2825331204459851,No significativo,54.198452389679225
19.38076,-99.09206289,73,0.3757802231865269,No significativo,55.58410770935895
19.390759999999997,-99.09206289000001,45,0.2383491735078791,No significativo,53.541877339947256
19.400760000000002,-99.09206289,34,1.0030296294121497,No significativo,64.905056574879
19.41076,-99.09206289000001,110,1.3430833805400861,No significativo,69.95826761714127
19.420759999999998,-99.09206289,152,1.2665069080860079,No significativo,68.8203384665322
19.43076,-99.09206289000001,87,0.8761701989395523,No significativo,63.01992084926821
19.440759999999997,-99.09206289000001,102,0.7992856956228261,No significativo,61.87741434889803
19.45076,-99.09206289,91,0.6956394709593166,No significativo,60.33722770128361
19.46076,-99.09206289000001,46,0.42687638268243455,No significativo,56.34339848772997
19.47076,-99.09206289,39,0.5264935636625199,No significativo,57.823713400469224
19.480759999999997,-99.09206289000001,56,0.4180667000107262,No significativo,56.21248628456255
19.490759999999998,-99.09206289,48,0.1556736899733871,No significativo,52.31331666406843
19.50076,-99.09206289000001,60,-0.250187774650484,No significativo,50.0
19.510759999999998,-99.09206289000001,31,-0.28972837635622867,No significativo,50.0
19.190759999999997,-99.08206289000002,6,-0.7412875395860713,No significativo,50.0
19.240759999999998,-99.08206289,1,-0.7835740164102707,No significativo,50.0
19.25076,-99.08206289000002,4,-0.6696354538561781,No significativo,50.0
19.260759999999998,-99.08206289000002,8,-0.7069297771664094,No significativo,50.0
19.29076,-99.08206289,9,-0.34308988282486125,No significativo,50.0
19.30076,-99.08206289000002,37,-0.3015081806143986,No significativo,50.0
19.31076,-99.08206289,39,-0.10455078279091615,No significativo,50.0
19.32076,-99.08206289000002,44,-0.08760908534532368,No significativo,50.0
19.330759999999998,-99.08206289,27,-0.1194841190120498,No significativo,50.0
19.340759999999996,-99.08206289000002,5,-0.2845935898847188,No significativo,50.0
19.35076,-99.08206289000002,45,-0.05201796735162283,No significativo,50.0
19.36076,-99.08206289,81,0.1326329814473809,No significativo,51.97093090193826
19.370759999999994,-99.08206289000002,65,0.3456671260541424,No significativo,55.13662599671397
19.38076,-99.08206289,54,0.41589816273769076,No significativo,56.180261742244426
19.390759999999997,-99.08206289000002,54,0.7012579538940007,No significativo,60.420718560926055
19.40076,-99.08206289,18,0.8371365280249071,No significativo,62.43987908754181
19.410759999999996,-99.08206289000002,244,1.1145121592214022,No significativo,66.56169100041575
19.420759999999998,-99.08206289,92,0.9038190491707601,No significativo,63.430783763824415
19.43076,-99.08206289000002,9,0.6788333070932887,No significativo,60.08748749831808
19.440759999999997,-99.08206289000002,98,0.5061635267278085,No significativo,57.52160831623672
19.450760000000002,-99.08206289,81,0.5705542982555661,No significativo,58.47845751029674
19.460760000000004,-99.08206289000002,42,0.2880037485665979,No significativo,54.27974612143633
19.47076,-99.08206289,80,0.0971231836014191,No significativo,51.443254021478836
19.480759999999997,-99.08206289000002,38,0.25596853885129567,No significativo,53.803701746282094
19.490759999999998,-99.08206289,51,0.00753548750912475,No significativo,50.11197761696095
19.500759999999996,-99.08206289000002,28,-0.20002063623632022,No significativo,50.0
19.510759999999998,-99.08206289000002,7,-0.24442143690172943,No significativo,50.0
19.18076,-99.07206289000001,13,-0.704286872364897,No significativo,50.0
19.19076,-99.07206289000001,12,-0.7458182335315213,No significativo,50.0
19.200760000000002,-99.07206289000001,2,-0.8068315786635802,No significativo,50.0
19.21076,-99.07206289000001,1,-0.8195175217108401,No significativo,50.0
19.230759999999997,-99.07206289000001,1,-0.8787185892647191,No significativo,50.0
19.25076,-99.07206289000001,7,-0.7548796214224212,No significativo,50.0
19.260759999999998,-99.07206289000001,2,-0.7553830318608045,No significativo,50.0
19.28076,-99.07206289000001,8,-0.6637623320750393,No significativo,50.0
19.29076,-99.07206289000001,9,-0.31020040085048406,No significativo,50.0
19.300759999999997,-99.07206289000001,18,-0.1694590461679216,No significativo,50.0
19.310759999999995,-99.07206289000001,63,-0.021456377283223922,No significativo,50.0
19.32076,-99.07206289000001,92,0.03620700020432045,No significativo,50.538037332723995
19.330759999999998,-99.07206289000001,51,-0.018188785892262953,No significativo,50.0
19.340759999999996,-99.07206289000001,18,0.1530714452457441,No significativo,52.27464721328667
19.35076,-99.07206289000001,65,0.0996367154406196,No significativo,51.4806051955294
19.36076,-99.07206289000001,30,0.26301628498866214,No significativo,53.90843150881602
19.370759999999997,-99.07206289000001,47,0.3458273021027191,No significativo,55.13900621858974
19.38076,-99.07206289000001,104,0.35335557638581533,No significativo,55.25087664675099
19.390759999999997,-99.07206289000001,68,0.46099388102923144,No significativo,56.850385747269236
19.400760000000002,-99.07206289000001,87,0.6878031658135736,No significativo,60.22077992336127
19.41076,-99.07206289000001,81,0.7397002055523635,No significativo,60.99197181111114
19.420759999999998,-99.07206289000001,58,0.67050415256731,No significativo,59.963715960777975
19.43076,-99.07206289000001,5,0.11501361610396464,No significativo,51.70910649560343
19.45076,-99.07206289000001,46,0.27070473532033473,No significativo,54.022682158853044
19.46076,-99.07206289000001,24,0.24379515915948075,No significativo,53.62280488372348
19.47076,-99.07206289000001,43,-0.03298905278073303,No significativo,50.0
19.480759999999997,-99.07206289000001,37,-0.07738985344614194,No significativo,50.0
19.490759999999998,-99.07206289000001,32,-0.24865008458414936,No significativo,50.0
19.50076,-99.07206289000001,24,-0.3607092481682776,No significativo,50.0
19.18076,-99.06206288999999,6,-0.7560878064745411,No significativo,50.0
19.25076,-99.06206288999999,17,-0.7412875395860713,No significativo,50.0
19.28076,-99.06206288999999,2,-0.4769970594348257,No significativo,50.0
19.29076,-99.06206289,21,-0.38185248658037724,No significativo,50.0
19.300759999999997,-99.06206288999999,84,-0.1790696090825123,No significativo,50.0
19.310759999999995,-99.06206289,40,-0.05765616426151595,No significativo,50.0
19.32076,-99.06206288999999,25,0.0073753114605481914,No significativo,50.10959739508518
19.330759999999998,-99.06206289,39,-0.009923701785715106,No significativo,50.0
19.340759999999996,-99.06206288999999,106,0.061194463782256486,No significativo,50.909351945344305
19.35076,-99.06206288999999,50,0.0708050266968472,No significativo,51.05216525789058
19.36076,-99.06206289,61,0.09915618729489008,No significativo,51.47346452990208
19.370759999999997,-99.06206288999999,14,0.16787171213421387,No significativo,52.49457971460793
19.38076,-99.06206289,91,0.1819672044089469,No significativo,52.704039239675794
19.390759999999997,-99.06206288999999,52,0.34566712605414274,No significativo,55.13662599671397
19.400760000000002,-99.06206289,88,0.14000107968190054,No significativo,52.08042110822374
19.41076,-99.06206288999999,42,0.015640395567096187,No significativo,50.23241684387497
19.420759999999998,-99.06206289,28,-0.11932394296347311,No significativo,50.0
19.43076,-99.06206288999999,19,-0.27496167016365125,No significativo,50.0
19.440759999999997,-99.06206288999999,5,-0.2972795329319786,No significativo,50.0
19.45076,-99.06206289,91,-0.0647039103988823,No significativo,50.0
19.46076,-99.06206288999999,83,-0.10346651415439853,No significativo,50.0
19.47076,-99.06206289,22,0.018694418893288264,No significativo,50.27779974097301
19.480759999999997,-99.06206288999999,6,-0.11403813336044817,No significativo,50.0
19.50076,-99.06206288999999,1,-0.5932848707013738,No significativo,50.0
19.510759999999998,-99.06206288999999,1,-0.7166204281052885,No significativo,50.0
19.18076,-99.05206289,1,-0.8047172548223703,No significativo,50.0
19.190759999999997,-99.05206289,2,-0.7342397934487048,No significativo,50.0
19.200760000000002,-99.05206289,18,-0.6884294435558223,No significativo,50.0
19.21076,-99.05206289,18,-0.6514287763346479,No significativo,50.0
19.22076,-99.05206289,4,-0.6672862051437226,No significativo,50.0
19.240759999999998,-99.05206289,4,-0.7307159203800216,No significativo,50.0
19.25076,-99.05206289,13,-0.7349445680624415,No significativo,50.0
19.28076,-99.05206289,5,-0.548355489075662,No significativo,50.0
19.29076,-99.05206289,29,-0.34821551637930964,No significativo,50.0
19.30076,-99.05206289,49,-0.23913562729870466,No significativo,50.0
19.31076,-99.05206289,11,-0.27261242145119585,No significativo,50.0
19.32076,-99.05206289,16,-0.3607092481682776,No significativo,50.0
19.330759999999998,-99.05206289,16,-0.1829138342483488,No significativo,50.0
19.340759999999996,-99.05206289,62,-0.02337848986614218,No significativo,50.0
19.35076,-99.05206289,16,0.047739675701829416,No significativo,50.70941330777953
19.36076,-99.05206289,59,-0.17522538391667608,No significativo,50.0
19.370759999999994,-99.05206289,25,-0.11371778126329533,No significativo,50.0
19.38076,-99.05206289,13,0.01986904324951621,No significativo,50.295254701395336
19.390759999999997,-99.05206289,50,0.0642698439149254,No significativo,50.95505220535911
19.40076,-99.05206289,20,-0.11051426029176518,No significativo,50.0
19.410759999999996,-99.05206289,7,-0.18099172166543043,No significativo,50.0
19.420759999999998,-99.05206289,3,-0.49511983521662545,No significativo,50.0
19.43076,-99.05206289,15,-0.6038564899074236,No significativo,50.0
19.450760000000002,-99.05206289,19,-0.04144634814557293,No significativo,50.0
19.460760000000004,-99.05206289,5,0.03044066245556582,No significativo,50.45234934519623
19.200760000000002,-99.04206289000001,7,-0.6189588030589234,No significativo,50.0
19.25076,-99.04206289000001,2,-0.766961471943621,No significativo,50.0
19.260759999999998,-99.04206289000001,3,-0.7856883402514807,No significativo,50.0
19.28076,-99.04206289000001,2,-0.5642129178847368,No significativo,50.0
19.29076,-99.04206289000001,20,-0.4399963922136513,No significativo,50.0
19.300759999999997,-99.04206289000001,49,-0.2990414694663203,No significativo,50.0
19.310759999999995,-99.04206289000001,20,-0.40587889386685405,No significativo,50.0
19.32076,-99.04206289000001,13,-0.5562842034801995,No significativo,50.0
19.330759999999998,-99.04206289000001,11,-0.3020848143892741,No significativo,50.0
19.340759999999996,-99.04206289000001,52,-0.1087523237574235,No significativo,50.0
19.35076,-99.04206289000001,24,-0.06646584693322416,No significativo,50.0
19.36076,-99.04206289000001,28,-0.22151626195528834,No significativo,50.0
19.370759999999997,-99.04206289000001,60,-0.22490460144440652,No significativo,50.0
19.38076,-99.04206289000001,35,-0.03475098931507458,No significativo,50.0
19.390759999999997,-99.04206289000001,61,-0.025941306643366524,No significativo,50.0
19.170759999999998,-99.03206289,1,-0.7856883402514807,No significativo,50.0
19.18076,-99.03206289,9,-0.6884294435558223,No significativo,50.0
19.190759999999997,-99.03206289,13,-0.6578892102939005,No significativo,50.0
19.200760000000002,-99.03206289,11,-0.5374063120408247,No significativo,50.0
19.260759999999998,-99.03206289,4,-0.8364321124405197,No significativo,50.0
19.28076,-99.03206289,5,-0.6189588030589234,No significativo,50.0
19.29076,-99.03206289,15,-0.4750749468519075,No significativo,50.0
19.30076,-99.03206289,31,-0.4404769203593809,No significativo,50.0
19.31076,-99.03206289,4,-0.5212056488419432,No significativo,50.0
19.32076,-99.03206289,4,-0.519283536259025,No significativo,50.0
19.330759999999998,-99.03206289,22,-0.41548945678144494,No significativo,50.0
19.340759999999996,-99.03206289,64,-0.2559541123992384,No significativo,50.0
19.35076,-99.03206289,10,-0.2559541123992384,No significativo,50.0
19.36076,-99.03206289,27,-0.3060892156036868,No significativo,50.0
19.370759999999994,-99.03206289,7,-0.27133101306258356,No significativo,50.0
19.38076,-99.03206289,42,-0.22327819848962974,No significativo,50.0
19.390759999999997,-99.03206289,39,0.041012281661615885,No significativo,50.609443988997135
19.18076,-99.02206289000002,2,-0.6910723483573347,No significativo,50.0
19.19076,-99.02206289000002,34,-0.6109042360447902,No significativo,50.0
19.200760000000002,-99.02206289000002,24,-0.5706314009741241,No significativo,50.0
19.240759999999998,-99.02206289000002,1,-0.8322034647580999,No significativo,50.0
19.25076,-99.02206289000002,1,-0.8199873714533311,No significativo,50.0
19.260759999999998,-99.02206289000002,5,-0.7941456356163206,No significativo,50.0
19.29076,-99.02206289000002,15,-0.519283536259025,No significativo,50.0
19.300759999999997,-99.02206289000002,27,-0.5028387952718365,No significativo,50.0
19.32076,-99.02206289000002,1,-0.5706314009741241,No significativo,50.0
19.330759999999998,-99.02206289000002,12,-0.4320676778091139,No significativo,50.0
19.340759999999996,-99.02206289000002,53,-0.29824058922343755,No significativo,50.0
19.35076,-99.02206289000002,21,-0.29551759639763703,No significativo,50.0
19.36076,-99.02206289000002,33,-0.3193838276355373,No significativo,50.0
19.370759999999997,-99.02206289000002,20,-0.3184227713440783,No significativo,50.0
19.38076,-99.02206289000002,40,-0.26086617788891814,No significativo,50.0
19.170759999999998,-99.01206289000001,2,-0.7687737495218009,No significativo,50.0
19.19076,-99.01206289,7,-0.6343967231693455,No significativo,50.0
19.200760000000002,-99.01206289000001,13,-0.5906419658998614,No significativo,50.0
19.240759999999998,-99.01206289000001,2,-0.82586049323447,No significativo,50.0
19.25076,-99.01206289,7,-0.8004886071399503,No significativo,50.0
19.260759999999998,-99.01206289,8,-0.6736291766673524,No significativo,50.0
19.27076,-99.01206289000001,4,-0.5075372926967474,No significativo,50.0
19.28076,-99.01206289,22,-0.4981402978469253,No significativo,50.0
19.29076,-99.01206289000001,24,-0.576370279971694,No significativo,50.0
19.300759999999997,-99.01206289,3,-0.5706314009741241,No significativo,50.0
19.340759999999996,-99.01206289,10,-0.46760006458500364,No significativo,50.0
19.35076,-99.01206289,62,-0.2636425627309109,No significativo,50.0
19.36076,-99.01206289000001,6,-0.28286368856009253,No significativo,50.0
19.370759999999997,-99.01206289,48,-0.1950872139401637,No significativo,50.0
19.38076,-99.01206289000001,8,-0.3501376289622277,No significativo,50.0
19.170759999999998,-99.00206289,15,-0.7264872726976017,No significativo,50.0
19.18076,-99.00206289000002,11,-0.7650736827996835,No significativo,50.0
19.190759999999997,-99.00206289000002,10,-0.6302855379225483,No significativo,50.0
19.200760000000002,-99.00206289,11,-0.7465733491890963,No significativo,50.0
19.21076,-99.00206289000002,7,-0.7065522193376219,No significativo,50.0
19.22076,-99.00206289,1,-0.738644634784559,No significativo,50.0
19.23076,-99.00206289000002,2,-0.7753516459166764,No significativo,50.0
19.240759999999998,-99.00206289,3,-0.7988441330412315,No significativo,50.0
19.25076,-99.00206289000002,4,-0.6922736687216586,No significativo,50.0
19.260759999999998,-99.00206289000002,12,-0.6715148528261424,No significativo,50.0
19.270759999999996,-99.00206289,60,-0.6017421660662137,No significativo,50.0
19.28076,-99.00206289000002,25,-0.5679129846068542,No significativo,50.0
19.29076,-99.00206289,17,-0.6487858715331354,No significativo,50.0
19.30076,-99.00206289000002,1,-0.6008360272771236,No significativo,50.0
19.330759999999998,-99.00206289,2,-0.7983742832987405,No significativo,50.0
19.340759999999996,-99.00206289000002,6,-0.509886541409203,No significativo,50.0
19.35076,-99.00206289000002,13,-0.442399032942299,No significativo,50.0
19.36076,-99.00206289,65,-0.25499305610777934,No significativo,50.0
19.370759999999994,-99.00206289000002,18,-0.38185248658037724,No significativo,50.0
19.170759999999998,-98.99206288999999,3,-0.6954771896931887,No significativo,50.0
19.19076,-98.99206289000001,1,-0.7307159203800215,No significativo,50.0
19.21076,-98.99206289000001,8,-0.7518591587921213,No significativo,50.0
19.22076,-98.99206288999999,22,-0.7751167210454308,No significativo,50.0
19.230759999999997,-98.99206289000001,7,-0.7597878731966586,No significativo,50.0
19.240759999999998,-98.99206288999999,5,-0.757900084052721,No significativo,50.0
19.260759999999998,-98.99206289000001,4,-0.6159383404286234,No significativo,50.0
19.27076,-98.99206288999999,1,-0.5827132514953239,No significativo,50.0
19.28076,-98.99206289000001,1,-0.5132426109984252,No significativo,50.0
19.29076,-98.99206288999999,2,-0.7342397934487048,No significativo,50.0
19.330759999999998,-98.99206288999999,1,-0.7881047103557206,No significativo,50.0
19.340759999999996,-98.99206289000001,5,-0.7518591587921211,No significativo,50.0
19.35076,-98.99206289000001,14,-0.4347105826106264,No significativo,50.0
19.36076,-98.99206288999999,18,-0.43471058261062634,No significativo,50.0
19.21076,-98.98206289000001,1,-0.7518591587921212,No significativo,50.0
19.22076,-98.98206288999998,5,-0.762430777998171,No significativo,50.0
19.330759999999998,-98.98206288999998,4,-0.7835740164102707,No significativo,50.0
19.340759999999996,-98.98206289000001,11,-0.7650736827996835,No significativo,50.0
19.35076,-98.98206289000001,4,-0.7025249358305554,No significativo,50.0
19.15076,-98.97206289000002,1,,No significativo,50.0
19.21076,-98.97206289,5,-0.8364321124405197,No significativo,50.0
19.22076,-98.97206289000002,1,-0.7694785241355375,No significativo,50.0
19.31076,-98.97206289000002,2,-0.7994314452193454,No significativo,50.0
19.330759999999998,-98.97206289000002,8,-0.7881047103557206,No significativo,50.0
19.340759999999996,-98.97206289,4,-0.7687737495218009,No significativo,50.0
19.22076,-98.96206289000001,3,-0.82586049323447,No significativo,50.0
19.310759999999995,-98.96206289000001,2,-0.8223366201657868,No significativo,50.0
19.32076,-98.96206289,7,-0.7994314452193454,No significativo,50.0
